{
    "employees": [
        {
            "firstName": "Alice",
            "lastName": "Smith",
            "department": "Engineering",
            "salary": 60000
        },
        {
            "firstName": "Kevin",
            "lastName": "Adams",
            "department": "Engineering",
            "salary": 62000
        },
        {
            "firstName": "Emily",
            "lastName": "Wilson",
            "department": "Engineering",
            "salary": 61000
        },
        {
            "firstName": "Benjamin",
            "lastName": "Scott",
            "department": "Engineering",
            "salary": 63000
        },
        {
            "firstName": "Hannah",
            "lastName": "Clark",
            "department": "Engineering",
            "salary": 60000
        },
        {
            "firstName": "William",
            "lastName": "Allen",
            "department": "Engineering",
            "salary": 64000
        },
        {
            "firstName": "Jack",
            "lastName": "Perez",
            "department": "Engineering",
            "salary": 65000
        },
        {
            "firstName": "Sophia",
            "lastName": "Roberts",
            "department": "Engineering",
            "salary": 66000
        },
        {
            "firstName": "Ella",
            "lastName": "Baker",
            "department": "Engineering",
            "salary": 67000
        },
        {
            "firstName": "Bob",
            "lastName": "Johnson",
            "department": "Finance",
            "salary": 55000
        },
        {
            "firstName": "Laura",
            "lastName": "Miller",
            "department": "Finance",
            "salary": 56000
        },
        {
            "firstName": "Natalie",
            "lastName": "White",
            "department": "Finance",
            "salary": 57000
        },
        {
            "firstName": "Christopher",
            "lastName": "Lopez",
            "department": "Finance",
            "salary": 58000
        },
        {
            "firstName": "Isabella",
            "lastName": "Lopez",
            "department": "Finance",
            "salary": 59000
        },
        {
            "firstName": "Mary",
            "lastName": "Williams",
            "department": "HR",
            "salary": 52000
        },
        {
            "firstName": "James",
            "lastName": "Moore",
            "department": "HR",
            "salary": 53000
        },
        {
            "firstName": "Victoria",
            "lastName": "King",
            "department": "HR",
            "salary": 54000
        },
        {
            "firstName": "Charles",
            "lastName": "Cook",
            "department": "HR",
            "salary": 55000
        },
        {
            "firstName": "Michael",
            "lastName": "Brown",
            "department": "IT",
            "salary": 65000
        },
        {
            "firstName": "Daniel",
            "lastName": "Martinez",
            "department": "IT",
            "salary": 64000
        },
        {
            "firstName": "Ryan",
            "lastName": "Adams",
            "department": "IT",
            "salary": 66000
        },
        {
            "firstName": "Grace",
            "lastName": "Adams",
            "department": "IT",
            "salary": 67000
        },
        {
            "firstName": "John",
            "lastName": "Doe",
            "department": "Marketing",
            "salary": 50000
        },
        {
            "firstName": "Sarah",
            "lastName": "Jones",
            "department": "Marketing",
            "salary": 51000
        },
        {
            "firstName": "Alex",
            "lastName": "Garcia",
            "department": "Marketing",
            "salary": 53000
        },
        {
            "firstName": "Nicole",
            "lastName": "Young",
            "department": "Marketing",
            "salary": 52000
        },
        {
            "firstName": "Ethan",
            "lastName": "Lee",
            "department": "Marketing",
            "salary": 54000
        },
        {
            "firstName": "Olivia",
            "lastName": "Wood",
            "department": "Marketing",
            "salary": 55000
        },
        {
            "firstName": "Lily",
            "lastName": "Evans",
            "department": "Marketing",
            "salary": 56000
        },
        {
            "firstName": "Thomas",
            "lastName": "Morris",
            "department": "Marketing",
            "salary": 57000
        },
        {
            "firstName": "Aiden",
            "lastName": "Walker",
            "department": "Marketing",
            "salary": 58000
        }
    ]
}